Domaine;Produit;Entreprise;Année(s) de stage(s);;;;;;;;;;;;;;;;;;;;;;;;;;;;;;;;;;;;;Rue de l'entreprise;Ville de l'entreprise;Code postal de l'entreprise;Tel entreprise;Mail;Longitude Latitude;Plus Code;Directeur;;;;;;Rang A et i;Entreprise et Rang A et i;Rang  i;Entreprise et  Rang  i;2022 Nb BioQ1;2022  Nb BioQ2;2021 Nb BioQ1;2021  Nb QIAB2;2020 Nb QIAB1;2020  Nb QIAB2;2019  Nb QIAB1;2019  Nb QIAB2;2018 Nb QIAB1;2018  NbQIAB2;DeuxMilleDixSept  Nb QIAB1;DeuxMilleDixSept  Nb QIAB2;DeuxMilleSeize  Nb QIAB1;DeuxMilleSeize  Nb QIAB2;DeuxMilleQuinze  Nb QIAB1;DeuxMilleQuinze  Nb QIAB2;DeuxMilleQuatorze  Nb QIAB1;DeuxMilleQuatorze  Nb QIAB2;Points A  et  i;Points  i;;;A;B;C;D;E;;;F;G;H;I;J;;
Alimentaire;Normes;AFNOR;"      ; 2020_QIAB2=1            ";;;;;;;;;;;;;;;;;;;;;;;;;;;;;;;;;;;;;11 rue Francis de Pressensé;La Plaine St Denis;93571;01 41 62 61 32;sabrina.duplanil@afnor.org;48.919900726327214, 2.3613195711803807;;;;;;;;46;N° 46 AFNOR;28;N° 28 AFNOR;;;;;;1;;;;;;;;;;;;;7;7;0;0;0;0;0;0;0;1;0;0;0;0;0;0;;
Alimentaire;Conserves;Agrana Fruit France;"  ;2021_BioQ1=1   ; 2020_QIAB2=1;2019_QIAB1=1           ";;;;;;;;;;;;;;;;;;;;;;;;;;;;;;;;;;;;;17 avenue du 8 mai 45;Mitry Mory;77290;06 79 45 79 46;lucie.grancier@agrana.com;48.98263989213768, 2.624709424966415;;;;;;;;10;N° 10 Agrana Fruit France;28;N° 28 Agrana Fruit France;;;1;;;1;1;;;;;;;;;;;;21;7;0;1;0;0;0;0;0;1;0;0;0;0;0;0;;
Alimentaire;Boulangerie;Ange Boulangerie SAS Maliaka;"      ;2019_QIAB1=1           ";;;;;;;;;;;;;;;;;;;;;;;;;;;;;;;;;;;;;CC Sous le Pont de Pierre, Av de Stalingrad;Garges les Gonesses;95140;06 38 86 10 49;garges.responsable@boulangerie-ange.fr;48.972712661111416, 2.419511455650537;;;;;;;;57;N° 57 Ange Boulangerie SAS Maliaka;55;N° 55 Ange Boulangerie SAS Maliaka;;;;;;;1;;;;;;;;;;;;6;0;0;1;0;0;0;0;0;0;0;0;0;0;0;0;;
Alimentaire;Traiteur;ARYZTA France;"    ; 2021_QIAB2=1              ";;;;;;;;;;;;;;;;;;;;;;;;;;;;;;;;;;;;;14-16 avenue Joseph Paxton;Ferrières en Brie;77164;06 14 26 47 16;guillaume.conti@aryzta.com;48.826618074282464, 2.7201078937256997;;;;;;;;30;N° 30 ARYZTA France;22;N° 22 ARYZTA France;;;;1;;;;;;;;;;;;;;;8;8;0;0;0;0;0;0;0;0;0;0;0;0;0;0;;
Alimentaire;Distribution;Auchan Bagnolet;"        ;2018_QIAB1=1         ";;;;;;;;;;;;;;;;;;;;;;;;;;;;;;;;;;;;;26 avenue du Général de Gaulle;Bagnolet;93541;01 49 72 62 00;;48.86551231870581, 2.4151897268114464;;;;;;;;75;N° 75 Auchan Bagnolet;56;N° 56 Auchan Bagnolet;;;;;;;;;1;;;;;;;;;;5;0;0;0;1;0;0;0;0;0;0;0;0;0;0;0;;
Alimentaire;Distribution;Auchan Epinay;"          ; 2018_QIAB2=1        ";;;;;;;;;;;;;;;;;;;;;;;;;;;;;;;;;;;;;5 avenue de Lattre de Tassigny;Epinay;93800;01 55 99 47 38;;48.95365908542537, 2.3138500826366024;;;;;;;;77;N° 77 Auchan Epinay;43;N° 43 Auchan Epinay;;;;;;;;;;1;;;;;;;;;5;5;0;0;0;0;0;0;0;0;0;1;0;0;0;0;;
Alimentaire;Traiteur;Baluchon;"        ;2018_QIAB1=1         ";;;;;;;;;;;;;;;;;;;;;;;;;;;;;;;;;;;;;Cité Marcel Cachin;Romainville;93230;01 48 46 15 58;sara.demesse@baluchon.fr;48.881206275102, 2.432391272758777;;;;;;;;77;N° 77 Baluchon;57;N° 57 Baluchon;;;;;;;;;1;;;;;;;;;;5;0;0;0;1;0;0;0;0;0;0;0;0;0;0;0;;
Alimentaire;Pâtisserie;Bimbo QSR Fleury;"        ; 2019_QIAB2=1          ";;;;;;;;;;;;;;;;;;;;;;;;;;;;;;;;;;;;;rue Condorcet;Fleury Mérogis;91700;01 69 25 34 00;celine.morelli@grupobimbo.com;48.642524829556066, 2.380117211461863;;;;;;;;58;N° 58 Bimbo QSR Fleury;33;N° 33 Bimbo QSR Fleury;;;;;;;;1;;;;;;;;;;;6;6;0;0;0;0;0;0;0;0;1;0;0;0;0;0;;
Médical;LABM;Biogroup LCD;"      ; 2020_QIAB2=1  ; 2019_QIAB2=1          ";;;;;;;;;;;;;;;;;;;;;;;;;;;;;;;;;;;;;70 boulevard Anatole France;St Denis;93200;06 08 46 46 86;r.penka@biogrouplcd.fr;48.925640431838076, 2.350113772906153;;;;;;;;21;N° 21 Biogroup LCD;11;N° 11 Biogroup LCD;;;;;;1;;1;;;;;;;;;;;13;13;0;0;0;0;0;0;0;1;1;0;0;0;0;0;;
Alimentaire;Biscuiterie;Biscuiterie Astruc;"      ; 2020_QIAB2=1;2019_QIAB1=1           ";;;;;;;;;;;;;;;;;;;;;;;;;;;;;;;;;;;;;2 rue Denis Papin;Villeparisis;77270;01 04 27 61 62;g.meyer@astruc.fr;48.95148847405477, 2.6193295538009274;;;;;;;;21;N° 21 Biscuiterie Astruc;29;N° 29 Biscuiterie Astruc;;;;;;1;1;;;;;;;;;;;;13;7;0;1;0;0;0;0;0;1;0;0;0;0;0;0;;
Alimentaire;Cocktails;Borderline Padaf;"    ;2020_QIAB1=1             ";;;;;;;;;;;;;;;;;;;;;;;;;;;;;;;;;;;;;103 rue Charles Michels;St Denis;93200;07 82 16 24 77;atelier@border-line.fr;48.92948393098734, 2.3454479718981935;;;;;;;;47;N° 47 Borderline Padaf;58;N° 58 Borderline Padaf;;;;;1;;;;;;;;;;;;;;7;0;1;0;0;0;0;0;0;0;0;0;0;0;0;0;;
Alimentaire;Café;Café Richard;"        ; 2019_QIAB2=1          ";;;;;;;;;;;;;;;;;;;;;;;;;;;;;;;;;;;;;106 rue du Fossé Blanc;Gennevilliers;92230;01 40 85 75 80;lacher@richard.fr;48.92775100755918, 2.3091259538001436;;;;;;;;59;N° 59 Café Richard;34;N° 34 Café Richard;;;;;;;;1;;;;;;;;;;;6;6;0;0;0;0;0;0;0;0;1;0;0;0;0;0;;
Alimentaire;Cuisine Centrale;Caisse des Ecoles du 14e Arrondissement;"    ; 2021_QIAB2=1    ; 2019_QIAB2=1          ";;;;;;;;;;;;;;;;;;;;;;;;;;;;;;;;;;;;;21-23 avenue Georges Lafenestre;Paris;75014;06 73 43 39 37;cde14@cde14.fr;48.82453715249647, 2.310434975455696;;;;;;;;18;N° 18 Caisse des Ecoles du 14e Arrondissement;10;N° 10 Caisse des Ecoles du 14e Arrondissement;;;;1;;;;1;;;;;;;;;;;14;14;0;0;0;0;0;0;0;0;1;0;0;0;0;0;;
Alimentaire;Traiteur;Calixir;"      ; 2020_QIAB2=1;2019_QIAB1=1 ; 2019_QIAB2=1          ";;;;;;;;;;;;;;;;;;;;;;;;;;;;;;;;;;;;;1 rue Guillaume Bigoudan;Wissous;91320;06 09 59 49 20;laetitia@calixir.com;48.72944999451732, 2.329219324958073;;;;;;;;12;N° 12 Calixir;12;N° 12 Calixir;;;;;;1;1;1;;;;;;;;;;;19;13;0;1;0;0;0;0;0;1;1;0;0;0;0;0;;
Alimentaire;Distribution;Carrefour Flins;"      ;2019_QIAB1=1           ";;;;;;;;;;;;;;;;;;;;;;;;;;;;;;;;;;;;;CD 14 route Renault;Flins sur Seine;78410;01 39 29 35 23;Thierry_AUBOU@carrefour.fr;48.965910225172124, 1.8616850403080987;;;;;;;;61;N° 61 Carrefour Flins;59;N° 59 Carrefour Flins;;;;;;;1;;;;;;;;;;;;6;0;0;1;0;0;0;0;0;0;0;0;0;0;0;0;;
Alimentaire;Distribution;Carrefour St Denis;"        ; 2019_QIAB2=1          ";;;;;;;;;;;;;;;;;;;;;;;;;;;;;;;;;;;;;Place du Caquet;St Denis;93200;06 69 57 02 39;ricardsabrinacarrefour@gmail.com;48.93745183119474, 2.359826469142723;;;;;;;;62;N° 62 Carrefour St Denis;35;N° 35 Carrefour St Denis;;;;;;;;1;;;;;;;;;;;6;6;0;0;0;0;0;0;0;0;1;0;0;0;0;0;;
Alimentaire;Distribution;Carrefour Villeneuve la Garenne;"      ;2019_QIAB1=1           ";;;;;;;;;;;;;;;;;;;;;;;;;;;;;;;;;;;;;2 boulevard Gallieni;Villeneuve la Garenne;92390;01 46 85 26 20;hamida.benbelkacem@carrefour.com;48.926095570033446, 2.3278403022267597;;;;;;;;63;N° 63 Carrefour Villeneuve la Garenne;60;N° 60 Carrefour Villeneuve la Garenne;;;;;;;1;;;;;;;;;;;;6;0;0;1;0;0;0;0;0;0;0;0;0;0;0;0;;
Médical;;Centre Cardiologique du Nord;"        ; 2019_QIAB2=1          ";;;;;;;;;;;;;;;;;;;;;;;;;;;;;;;;;;;;;30-36 rue des Moulins Généraux;St Denis;93200;01 49 33 41 41;arnaud.chenebit@hotmail.com;48.94090004454637, 2.3468686114717108;;;;;;;;63;N° 63 Centre Cardiologique du Nord;36;N° 36 Centre Cardiologique du Nord;;;;;;;;1;;;;;;;;;;;6;6;0;0;0;0;0;0;0;0;1;0;0;0;0;0;;
Médical;Restauration;Centre de Gérontologie C. Mazier;"        ;2018_QIAB1=1         ";;;;;;;;;;;;;;;;;;;;;;;;;;;;;;;;;;;;;4 rue Hernet;Aubervilliers;93300;01 53 56 35 35;c.hotelier.mazier@orange.fr;48.915175898597504, 2.3912505096219503;;;;;;;;78;N° 78 Centre de Gérontologie C. Mazier;61;N° 61 Centre de Gérontologie C. Mazier;;;;;;;;;1;;;;;;;;;;5;0;0;0;1;0;0;0;0;0;0;0;0;0;0;0;;
Médical;;CLINEA Clinique;"        ; 2019_QIAB2=1          ";;;;;;;;;;;;;;;;;;;;;;;;;;;;;;;;;;;;;10 rue Simonot;Le Pré Saint Gervais;93310;06 78 94 18 53;p.coatanea@orpea.net;48.8852150535325, 2.4012124268120782;;;;;;;;64;N° 64 CLINEA Clinique;37;N° 37 CLINEA Clinique;;;;;;;;1;;;;;;;;;;;6;6;0;0;0;0;0;0;0;0;1;0;0;0;0;0;;
Médical;Stérilisation;Clinique de l'Estrée;"        ; 2019_QIAB2=1  ; 2018_QIAB2=1        ";;;;;;;;;;;;;;;;;;;;;;;;;;;;;;;;;;;;;35 rue d'Amiens;Stains;93140;"01 49 71 91 35
01 49 71 90 93";"f.polak@clinique-estree.fr
hygiene@clinique-estree.fr";48.95526330635503, 2.3685002114721905;;;;;;;;27;N° 27 Clinique de l'Estrée;21;N° 21 Clinique de l'Estrée;;;;;;;;1;;1;;;;;;;;;11;11;0;0;0;0;0;0;0;0;1;1;0;0;0;0;;
Médical;Pharmacie;Clinique du Louvre;"  ;2021_BioQ1=1               ";;;;;;;;;;;;;;;;;;;;;;;;;;;;;;;;;;;;;3 place du Louvre;Paris;75001;01 84 79 65 19;n.terrache@herxagone-sante-paris.fr;48.85941290852191, 2.340465264951184;;;;;;;;31;N° 31 Clinique du Louvre;63;N° 63 Clinique du Louvre;;;1;;;;;;;;;;;;;;;;8;0;0;0;0;0;0;0;0;0;0;0;0;0;0;0;;
Médical;Stérilisation;Clinique Jeanne d'Arc;"        ;2018_QIAB1=1         ";;;;;;;;;;;;;;;;;;;;;;;;;;;;;;;;;;;;;11-13 rue Ponscarme;Paris;75013;01 40 77 02 21;bloc@clinique-jeanne-darc.com;48.826494970751035, 2.3675255979746055;;;;;;;;79;N° 79 Clinique Jeanne d'Arc;63;N° 63 Clinique Jeanne d'Arc;;;;;;;;;1;;;;;;;;;;5;0;0;0;1;0;0;0;0;0;0;0;0;0;0;0;;
Médical;;Clinique Korian;"      ; 2020_QIAB2=1  ; 2019_QIAB2=1          ";;;;;;;;;;;;;;;;;;;;;;;;;;;;;;;;;;;;;84 rue Petit;Paris;75019;01 55 56 53 00;sanaa.bahafa@korian.fr;48.88598315202566, 2.388310407582262;;;;;;;;22;N° 22 Clinique Korian;13;N° 13 Clinique Korian;;;;;;1;;1;;;;;;;;;;;13;13;0;0;0;0;0;0;0;1;1;0;0;0;0;0;;
Médical;;Clinique St Jean de Dieu;"  ;2021_BioQ1=1               ";;;;;;;;;;;;;;;;;;;;;;;;;;;;;;;;;;;;;2 rue Rousselet;Paris;75007;"01 40 61 46 09
01 40 61 11 00";b-potelle@clinique-stjeandedieu.com;48.85022117691584, 2.317717501673162;;;;;;;;33;N° 33 Clinique St Jean de Dieu;65;N° 65 Clinique St Jean de Dieu;;;1;;;;;;;;;;;;;;;;8;0;0;0;0;0;0;0;0;0;0;0;0;0;0;0;;
Médical;Stérilisation;Clinique St Louis;"  ;2021_BioQ1=1               ";;;;;;;;;;;;;;;;;;;;;;;;;;;;;;;;;;;;;1 rue Basset;Poissy;78300;01 30 06 54 20;francis.ebongue@elsan.com;48.930703344487114, 2.037429613320244;;;;;;;;34;N° 34 Clinique St Louis;65;N° 65 Clinique St Louis;;;1;;;;;;;;;;;;;;;;8;0;0;0;0;0;0;0;0;0;0;0;0;0;0;0;;
Alimentaire;Boissons;Coca-Cola European Partners;"    ; 2021_QIAB2=1              ";;;;;;;;;;;;;;;;;;;;;;;;;;;;;;;;;;;;;10 avenue Galilée;Clamart;92140;06 78 44 84 23;fsosson@ccep.com;48.78051914352572, 2.246141484479779;;;;;;;;34;N° 34 Coca-Cola European Partners;23;N° 23 Coca-Cola European Partners;;;;1;;;;;;;;;;;;;;;8;8;0;0;0;0;0;0;0;0;0;0;0;0;0;0;;
Alimentaire;Cocktails;Cock'telles;"    ;2020_QIAB1=1             ";;;;;;;;;;;;;;;;;;;;;;;;;;;;;;;;;;;;;9 rue de la Sablière;Gennevilliers;92230;01 41 11 25 20;ibrahima.diop@latabledecana.com;48.91798697473674, 2.306489217017631;;;;;;;;48;N° 48 Cock'telles;66;N° 66 Cock'telles;;;;;1;;;;;;;;;;;;;;7;0;1;0;0;0;0;0;0;0;0;0;0;0;0;0;;
Alimentaire;Cuisine Centrale;Compass Groupe France;"          ; 2018_QIAB2=1        ";;;;;;;;;;;;;;;;;;;;;;;;;;;;;;;;;;;;;146 rue de Sartrouville;Nanterre;92000;;;48.91562962996204, 2.221226740306454;;;;;;;;80;N° 80 Compass Groupe France;44;N° 44 Compass Groupe France;;;;;;;;;;1;;;;;;;;;5;5;0;0;0;0;0;0;0;0;0;1;0;0;0;0;;
Alimentaire;Cuisine Centrale;Compass Groupe France;"    ;2020_QIAB1=1             ";;;;;;;;;;;;;;;;;;;;;;;;;;;;;;;;;;;;;Exalt Publicis 94 avenue Gambetta;Paris;75020;06 23 62 28 54;Ed43901@compass-group.fr;48.87051779627407, 2.403543257761472;;;;;;;;49;N° 49 Compass Groupe France;67;N° 67 Compass Groupe France;;;;;1;;;;;;;;;;;;;;7;0;1;0;0;0;0;0;0;0;0;0;0;0;0;0;;
Alimentaire;Cuisine Centrale;Conseil Départemental Seine St Denis;"        ; 2019_QIAB2=1;2018_QIAB1=2         ";;;;;;;;;;;;;;;;;;;;;;;;;;;;;;;;;;;;;213 avenue Paul Vaillant Couturier;Bobigny;93006;01 43 93 82 76;pnavier@seinesaintdenis.fr;48.908090365832834, 2.454792626812868;;;;;;;;16;N° 16 Conseil Départemental Seine St Denis;38;N° 38 Conseil Départemental Seine St Denis;;;;;;;;1;2;;;;;;;;;;16;6;0;0;2;0;0;0;0;0;1;0;0;0;0;0;;
Alimentaire;Cuisine Centrale;Conseil Général de Seine St Denis;"      ; 2020_QIAB2=1    ; 2018_QIAB2=1        ";;;;;;;;;;;;;;;;;;;;;;;;;;;;;;;;;;;;;93 rue Carnot;Bobigny;93000;01 43 93 45 62;;48.90670953482757, 2.4495717399531207;;;;;;;;26;N° 26 Conseil Général de Seine St Denis;17;N° 17 Conseil Général de Seine St Denis;;;;;;1;;;;1;;;;;;;;;12;12;0;0;0;0;0;0;0;1;0;1;0;0;0;0;;
Alimentaire;Chocolaterie;DAMYEL;"  ;2021_BioQ1=3 ; 2021_QIAB2=2;2020_QIAB1=1             ";;;;;;;;;;;;;;;;;;;;;;;;;;;;;;;;;;;;;20 rue des Huleux;Stains;93240;01 48 29 54 21;damyel@orange.fr;48.95901603662023, 2.3960834268145375;;;;;;;;2;N° 2 DAMYEL;8;N° 8 DAMYEL;;;3;2;1;;;;;;;;;;;;;;47;16;1;0;0;0;0;0;0;0;0;0;0;0;0;0;;
Cosmétique;Produits de Contraste;DERM TECH France;"  ;2021_BioQ1=1               ";;;;;;;;;;;;;;;;;;;;;;;;;;;;;;;;;;;;;210 avenue Aristide Briand;Pavillons Sous Bois;93320;06 98 27 80 40;aicha@derm-tech.com;48.91006747891957, 2.5097106258578945;;;;;;;;35;N° 35 DERM TECH France;69;N° 69 DERM TECH France;;;1;;;;;;;;;;;;;;;;8;0;0;0;0;0;0;0;0;0;0;0;0;0;0;0;;
Alimentaire;Traiteur;Duval Paris;"      ;2019_QIAB1=1           ";;;;;;;;;;;;;;;;;;;;;;;;;;;;;;;;;;;;;51 rue Ledru Rollin;Ivry sur Seine;94201;01 41 65 40 00;cindy.malmejat@duval-paris.com;48.81737306357983, 2.3865706096187713;;;;;;;;65;N° 65 Duval Paris;69;N° 69 Duval Paris;;;;;;;1;;;;;;;;;;;;6;0;0;1;0;0;0;0;0;0;0;0;0;0;0;0;;
Alimentaire;Cuisine Centrale;Elior Epaune;"    ; 2021_QIAB2=1              ";;;;;;;;;;;;;;;;;;;;;;;;;;;;;;;;;;;;;16-29 avenue du Patis;Epône;78680;07 60 65 27 53;oriane.festou@elior.fr;48.96201500596019, 1.8187310844857416;;;;;;;;37;N° 37 Elior Epaune;24;N° 24 Elior Epaune;;;;1;;;;;;;;;;;;;;;8;8;0;0;0;0;0;0;0;0;0;0;0;0;0;0;;
Alimentaire;Cuisine Centrale;Elior Noisy le Grand;"  ;2021_BioQ1=1               ";;;;;;;;;;;;;;;;;;;;;;;;;;;;;;;;;;;;;7 avenue des graviers;Noisy le Grand;93160;01 55 85 16 86;eva.gouriou@elior.fr;48.82832757403808, 2.5843205341012063;;;;;;;;37;N° 37 Elior Noisy le Grand;71;N° 71 Elior Noisy le Grand;;;1;;;;;;;;;;;;;;;;8;0;0;0;0;0;0;0;0;0;0;0;0;0;0;0;;
Alimentaire;Cuisine Centrale;Elior Paris;"      ;2019_QIAB1=1           ";;;;;;;;;;;;;;;;;;;;;;;;;;;;;;;;;;;;;22 rue Notre Dame des Champs;Paris;75006;07 64 63 60 73;charlotte.poncelet@elior.fr;48.84577461367988, 2.327748882632999;;;;;;;;67;N° 67 Elior Paris;72;N° 72 Elior Paris;;;;;;;1;;;;;;;;;;;;6;0;0;1;0;0;0;0;0;0;0;0;0;0;0;0;;
Alimentaire;Pâtisserie;Entremet Paris;"      ;2019_QIAB1=1           ";;;;;;;;;;;;;;;;;;;;;;;;;;;;;;;;;;;;;6 avenue Jean Moulins;Stains;93240;01 58 34 09 (0)4(0);labo.edp@gmail.com;48.95665661164221, 2.3917772114722315;;;;;;;;67;N° 67 Entremet Paris;72;N° 72 Entremet Paris;;;;;;;1;;;;;;;;;;;;6;0;0;1;0;0;0;0;0;0;0;0;0;0;0;0;;
Alimentaire;Traiteur;Entreprise Jouneau - Cruscana;"      ; 2020_QIAB2=1;2019_QIAB1=1   ; 2018_QIAB2=1        ";;;;;;;;;;;;;;;;;;;;;;;;;;;;;;;;;;;;;9 rue Edouard Branly;Herblay;95220;"01 39 97 90 37
06 77 68 96 43";production@cruscana.fr;49.00120446689444, 2.1782613403092506;;;;;;;;14;N° 14 Entreprise Jouneau - Cruscana;18;N° 18 Entreprise Jouneau - Cruscana;;;;;;1;1;;;1;;;;;;;;;18;12;0;1;0;0;0;0;0;1;0;1;0;0;0;0;;
Alimentaire;Nouilles;EURASIE et Frères;"  ;2021_BioQ1=1               ";;;;;;;;;;;;;;;;;;;;;;;;;;;;;;;;;;;;;9 rue du Bois Moussay;Stains;93240;01 42 43 43 90;alberto.meijide@eurasiefreres.com;48.957046631020226, 2.37111927099224;;;;;;;;38;N° 38 EURASIE et Frères;73;N° 73 EURASIE et Frères;;;1;;;;;;;;;;;;;;;;8;0;0;0;0;0;0;0;0;0;0;0;0;0;0;0;;
Médical;LABM;FEGELE;"        ; 2019_QIAB2=1          ";;;;;;;;;;;;;;;;;;;;;;;;;;;;;;;;;;;;;210 boulevard Gallieni;Villeneuve la Garenne;92390;06 07 98 61 58;corinne.feuge@bioclinic.fr;48.93469598374234, 2.3331107853408373;;;;;;;;68;N° 68 FEGELE;39;N° 39 FEGELE;;;;;;;;1;;;;;;;;;;;6;6;0;0;0;0;0;0;0;0;1;0;0;0;0;0;;
Alimentaire;Farine;Foricher Moulin d'Arnouville;"      ; 2020_QIAB2=1;2019_QIAB1=1 ;2018_QIAB1=1 ; 2018_QIAB2=1        ";;;;;;;;;;;;;;;;;;;;;;;;;;;;;;;;;;;;;7 avenue de la République;Arnouville les Gonesses;95400;06 16 73 36 80;catherine.gavrel@foricher.com;48.97753856964655, 2.422488340308456;;;;;;;;9;N° 9 Foricher Moulin d'Arnouville;19;N° 19 Foricher Moulin d'Arnouville;;;;;;1;1;;1;1;;;;;;;;;23;12;0;1;1;0;0;0;0;1;0;1;0;0;0;0;;
Pharmaceutique;Produits de Contraste;Guerbet;"        ;2018_QIAB1=1         ";;;;;;;;;;;;;;;;;;;;;;;;;;;;;;;;;;;;;16-24 rue Jean Chaptal;Aulnay Sous Bois;93600;01 45 91 72 52;delphine.breysse@guerbet-group.com;48.94415206794333, 2.4849681127695527;;;;;;;;81;N° 81 Guerbet;74;N° 74 Guerbet;;;;;;;;;1;;;;;;;;;;5;0;0;0;1;0;0;0;0;0;0;0;0;0;0;0;;
Médical;"Stérilisation
Restauration";Hôpital  Delafontaine;"        ; 2019_QIAB2=1;2018_QIAB1=1 ; 2018_QIAB2=2        ";;;;;;;;;;;;;;;;;;;;;;;;;;;;;;;;;;;;;2 rue du Dr Delafontaine;Saint Denis;93200;"S : 01 42 35 62 04
R : 06 13 46 08 05";R : aude.saad@ch-stdenis.fr;48.9355511011165, 2.37494257084645;;;;;;;;11;N° 11 Hôpital  Delafontaine;9;N° 9 Hôpital  Delafontaine;;;;;;;;1;1;2;;;;;;;;;21;16;0;0;1;0;0;0;0;0;1;2;0;0;0;0;;
Médical;Stérilisation;Hôpital André Grégoire;"  ;2021_BioQ1=1               ";;;;;;;;;;;;;;;;;;;;;;;;;;;;;;;;;;;;;56 boulevard de la Boissière;Montreuil;93130;01 49 20 34 97;brigitte.moranne@ght-gpne.fr;48.87782488744733, 2.45318362496296;;;;;;;;39;N° 39 Hôpital André Grégoire;78;N° 78 Hôpital André Grégoire;;;1;;;;;;;;;;;;;;;;8;0;0;0;0;0;0;0;0;0;0;0;0;0;0;0;;
Médical;Restauration;Hôpital Armand Trousseau;"          ; 2018_QIAB2=1        ";;;;;;;;;;;;;;;;;;;;;;;;;;;;;;;;;;;;;26 rue du Dr Netter;Paris;75012;01 71 73 85 62;adrien.lopez@aphp.fr;48.84273788134911, 2.4054790709884735;;;;;;;;82;N° 82 Hôpital Armand Trousseau;45;N° 45 Hôpital Armand Trousseau;;;;;;;;;;1;;;;;;;;;5;5;0;0;0;0;0;0;0;0;0;1;0;0;0;0;;
Médical;"Dispositifs Médicaux
Stérilisation";Hôpital Bichat;"    ; 2021_QIAB2=2    ; 2019_QIAB2=2          ";;;;;;;;;;;;;;;;;;;;;;;;;;;;;;;;;;;;;46 rue Henri Huchard;Paris;75018;"01 40 25 80 32
01 40 25 60 32";"emeline.achain@aphp.fr
kenny.andre@aphp.fr";48.89844138956333, 2.331994301674754;;;;;;;;7;N° 7 Hôpital Bichat;3;N° 3 Hôpital Bichat;;;;2;;;;2;;;;;;;;;;;28;28;0;0;0;0;0;0;0;0;2;0;0;0;0;0;;
Médical;Stérilisation;Hôpital Claude Gallien;"      ; 2020_QIAB2=1            ";;;;;;;;;;;;;;;;;;;;;;;;;;;;;;;;;;;;;20 route de Boussy St Antoine;Quincy Sous Sénart;91480;01 69 39 96 36;e.cazal@ramsaygds.fr;48.68205960171631, 2.53963742680539;;;;;;;;51;N° 51 Hôpital Claude Gallien;30;N° 30 Hôpital Claude Gallien;;;;;;1;;;;;;;;;;;;;7;7;0;0;0;0;0;0;0;1;0;0;0;0;0;0;;
Médical;;Hôpital d'Argenteuil;"    ;2020_QIAB1=1             ";;;;;;;;;;;;;;;;;;;;;;;;;;;;;;;;;;;;;69 rue du Lietenant Colonel Prud'Hon;Argenteuil;95107;01 34 23 15 22;;48.94467531762925, 2.237019026814065;;;;;;;;51;N° 51 Hôpital d'Argenteuil;76;N° 76 Hôpital d'Argenteuil;;;;;1;;;;;;;;;;;;;;7;0;1;0;0;0;0;0;0;0;0;0;0;0;0;0;;
Médical;Pharmacie;Hôpital de Basse Terre;"          ; 2018_QIAB2=1        ";;;;;;;;;;;;;;;;;;;;;;;;;;;;;;;;;;;;;Avenue Gaston Feuillard;Basse Terre;97109;05 90 80 54 47;;16.00467337702901, -61.73003900384439;;;;;;;;84;N° 84 Hôpital de Basse Terre;47;N° 47 Hôpital de Basse Terre;;;;;;;;;;1;;;;;;;;;5;5;0;0;0;0;0;0;0;0;0;1;0;0;0;0;;
Médical;Biologie;Hôpital Georges Pompidou;"          ; 2018_QIAB2=1        ";;;;;;;;;;;;;;;;;;;;;;;;;;;;;;;;;;;;;20 rue Leblanc;Paris;75015;01 56 09 38 06;marie-elisabeth.dorard@aphp.fr;48.8390814702349, 2.2739803268105603;;;;;;;;84;N° 84 Hôpital Georges Pompidou;47;N° 47 Hôpital Georges Pompidou;;;;;;;;;;1;;;;;;;;;5;5;0;0;0;0;0;0;0;0;0;1;0;0;0;0;;
Médical;Stérilisation;Hôpital Kremlin Bicêtre;"    ; 2021_QIAB2=1  ;2019_QIAB1=1 ; 2019_QIAB2=2;2018_QIAB1=2 ; 2018_QIAB2=2        ";;;;;;;;;;;;;;;;;;;;;;;;;;;;;;;;;;;;;12 avenue Paul Vaillant Couturier;Le Kremlin Bicêtre;94804;01 45 21 34 85;pascal.chapotot@aphp.fr;48.81054417090824, 2.3505631224353256;;;;;;;;3;N° 3 Hôpital Kremlin Bicêtre;2;N° 2 Hôpital Kremlin Bicêtre;;;;1;;;1;2;2;2;;;;;;;;;46;30;0;1;2;0;0;0;0;0;2;2;0;0;0;0;;
Médical;Restauration;Hôpital Lariboisière;"        ;2018_QIAB1=1         ";;;;;;;;;;;;;;;;;;;;;;;;;;;;;;;;;;;;;2 rue Ambroise Paré;Paris;75010;01 44 12 70 63;isabelle.bois@aphp.fr;48.88308882935735, 2.353173026812023;;;;;;;;85;N° 85 Hôpital Lariboisière;77;N° 77 Hôpital Lariboisière;;;;;;;;;1;;;;;;;;;;5;0;0;0;1;0;0;0;0;0;0;0;0;0;0;0;;
Médical;"Stérilisation
Dispositifs Médicaux";Hôpital Louis Mourier;"    ; 2021_QIAB2=1  ; 2020_QIAB2=2  ; 2019_QIAB2=1  ; 2018_QIAB2=1        ";;;;;;;;;;;;;;;;;;;;;;;;;;;;;;;;;;;;;178 rue des Renouillers;Colombes;92700;"S : 01 47 60 62 71
DM : 01 47 60 67 04";"S : bruno.baune@aphp.fr
DM : nathalie.del-missier@aphp.fr";48.925340113339146, 2.2364423114711935;;;;;;;;6;N° 6 Hôpital Louis Mourier;1;N° 1 Hôpital Louis Mourier;;;;1;;2;;1;;1;;;;;;;;;33;33;0;0;0;0;0;0;0;2;1;1;0;0;0;0;;
Médical;Restauration;Hôpital National de St Maurice;"      ; 2020_QIAB2=1  ; 2019_QIAB2=1          ";;;;;;;;;;;;;;;;;;;;;;;;;;;;;;;;;;;;;12 rue du Val d'Oise;St Maurice;94410;06 08 16 73 33;florence.perez@ght94n.fr;48.82098834653108, 2.4285542294062017;;;;;;;;23;N° 23 Hôpital National de St Maurice;14;N° 14 Hôpital National de St Maurice;;;;;;1;;1;;;;;;;;;;;13;13;0;0;0;0;0;0;0;1;1;0;0;0;0;0;;
Médical;Stérilisation;Hôpital Necker;"      ;2019_QIAB1=1           ";;;;;;;;;;;;;;;;;;;;;;;;;;;;;;;;;;;;;149 rue de Sèvres;Paris;75015;01 71 19 60 46;lucie.leboeuf@aphp.fr;48.84560012480703, 2.315631440993965;;;;;;;;69;N° 69 Hôpital Necker;79;N° 79 Hôpital Necker;;;;;;;1;;;;;;;;;;;;6;0;0;1;0;0;0;0;0;0;0;0;0;0;0;0;;
Médical;Restauration;Hôpital Paris Nord - ELIOR;"        ;2018_QIAB1=2         ";;;;;;;;;;;;;;;;;;;;;;;;;;;;;;;;;;;;;75 avenue de Verdun;Villeneuve la Garenne;92390;01 47 92 40 15;av001676@elior.com;48.93480348261309, 2.3274164421559593;;;;;;;;29;N° 29 Hôpital Paris Nord - ELIOR;79;N° 79 Hôpital Paris Nord - ELIOR;;;;;;;;;2;;;;;;;;;;10;0;0;0;2;0;0;0;0;0;0;0;0;0;0;0;;
Médical;"Restauration
Pharmacie
Dispositifs Médicaux";Hôpital Pitié Salpétrière;"        ; 2019_QIAB2=2;2018_QIAB1=2 ; 2018_QIAB2=3        ";;;;;;;;;;;;;;;;;;;;;;;;;;;;;;;;;;;;;47 boulevard de l'Hôpital;Paris;75013;"R : 01 84 82 72 75
P : 01 84 82 71 20 
DM : 01 84 82 71 20";"R : frederic.barret@aphp.fr
P/DM : patricia.ponge@aphp.fr";48.83723453744725, 2.3650428979749627;;;;;;;;5;N° 5 Hôpital Pitié Salpétrière;4;N° 4 Hôpital Pitié Salpétrière;;;;;;;;2;2;3;;;;;;;;;37;27;0;0;2;0;0;0;0;0;2;3;0;0;0;0;;
Médical;"Restauration
Stérilisation";Hôpital Robert Ballanger;"  ;2021_BioQ1=2 ; 2021_QIAB2=2;2020_QIAB1=2 ; 2020_QIAB2=1            ";;;;;;;;;;;;;;;;;;;;;;;;;;;;;;;;;;;;;boulevard Robert Ballanger;Aulnay Sous Bois;93600;"R : 01 49 36 73 96
S : 01 49 36 73 23";"R : franck.benetau@ght-gpne.fr
S : nelly.barbin@ght.gpne.fr";48.95433680007911, 2.5245100556499205;;;;;;;;1;N° 1 Hôpital Robert Ballanger;7;N° 7 Hôpital Robert Ballanger;;;2;2;2;1;;;;;;;;;;;;;53;23;2;0;0;0;0;0;0;1;0;0;0;0;0;0;;
Médical;Restauration;Hôpital Saint Antoine;"        ;2018_QIAB1=1         ";;;;;;;;;;;;;;;;;;;;;;;;;;;;;;;;;;;;;184 rue du Faubourg St Antoine;Paris;75012;01 49 28 20 53;pascal.paimparay@aphp.fr;48.848959840988506, 2.3827262979753483;;;;;;;;86;N° 86 Hôpital Saint Antoine;80;N° 80 Hôpital Saint Antoine;;;;;;;;;1;;;;;;;;;;5;0;0;0;1;0;0;0;0;0;0;0;0;0;0;0;;
Médical;Stérilisation;Hôpital Saint Joseph;"    ; 2021_QIAB2=1  ; 2020_QIAB2=1;2019_QIAB1=1 ; 2019_QIAB2=2;2018_QIAB1=1         ";;;;;;;;;;;;;;;;;;;;;;;;;;;;;;;;;;;;;185 rue Raymond Losserand;Paris;75014;01 44 12 70 63;emoreau@ghpsj.fr;48.82991223460148, 2.310320569139161;;;;;;;;4;N° 4 Hôpital Saint Joseph;5;N° 5 Hôpital Saint Joseph;;;;1;;1;1;2;1;;;;;;;;;;38;27;0;1;1;0;0;0;0;1;2;0;0;0;0;0;;
Médical;Restauration;Hôpital Ste Périne;"          ; 2018_QIAB2=1        ";;;;;;;;;;;;;;;;;;;;;;;;;;;;;;;;;;;;;47 rue Mirabeau;Paris;75016;01 44 96 31 37;;48.845080013114725, 2.266752311468549;;;;;;;;87;N° 87 Hôpital Ste Périne;48;N° 48 Hôpital Ste Périne;;;;;;;;;;1;;;;;;;;;5;5;0;0;0;0;0;0;0;0;0;1;0;0;0;0;;
Alimentaire;Fast Food;JOLISON SAS (Mc Donald's);"  ;2021_BioQ1=1               ";;;;;;;;;;;;;;;;;;;;;;;;;;;;;;;;;;;;;116 rue de Sainte Geneviève;St Michel sur Orge;91240;06 80 48 42 12;astrefredet@gmail.com;48.63854320467868, 2.32085149483601;;;;;;;;40;N° 40 JOLISON SAS (Mc Donald's);81;N° 81 JOLISON SAS (Mc Donald's);;;1;;;;;;;;;;;;;;;;8;0;0;0;0;0;0;0;0;0;0;0;0;0;0;0;;
Alimentaire;Pâtisserie;La Romainville;"          ; 2018_QIAB2=1        ";;;;;;;;;;;;;;;;;;;;;;;;;;;;;;;;;;;;;6 allée de la Fosse Maussoin;Clichy-sous-bois;93390;01 43 02 97 82;vcaparos@patisserie-laromainville.com;48.90686957714892, 2.5317166979772505;;;;;;;;88;N° 88 La Romainville;49;N° 49 La Romainville;;;;;;;;;;1;;;;;;;;;5;5;0;0;0;0;0;0;0;0;0;1;0;0;0;0;;
Médical;LABM;Laboratoire départemental de Biologie Médicale de Bondy;"    ; 2021_QIAB2=1  ; 2020_QIAB2=1  ; 2019_QIAB2=1  ; 2018_QIAB2=1        ";;;;;;;;;;;;;;;;;;;;;;;;;;;;;;;;;;;;;41 avenue de Verdun;Bondy;93140;01 71 29 23 91;abianchi@seinesaintdenis.fr;48.90370668982094, 2.492577134661223;;;;;;;;8;N° 8 Laboratoire départemental de Biologie Médicale de Bondy;6;N° 6 Laboratoire départemental de Biologie Médicale de Bondy;;;;1;;1;;1;;1;;;;;;;;;26;26;0;0;0;0;0;0;0;1;1;1;0;0;0;0;;
Médical;Parémédical;Laboratoires URGO;"        ;2018_QIAB1=1         ";;;;;;;;;;;;;;;;;;;;;;;;;;;;;;;;;;;;;2 avenue de Strasbourg;Chevigny Saint Sauveur;21800;03 80 54 50 00;;47.284412029697094, 5.131286196075566;;;;;;;;89;N° 89 Laboratoires URGO;82;N° 82 Laboratoires URGO;;;;;;;;;1;;;;;;;;;;5;0;0;0;1;0;0;0;0;0;0;0;0;0;0;0;;
Alimentaire;Distribution;Leclerc Bonneuil;"      ; 2020_QIAB2=1  ; 2019_QIAB2=1          ";;;;;;;;;;;;;;;;;;;;;;;;;;;;;;;;;;;;;1-3 avenue du bicentenaire;Bonneuil sur Marne;94380;01 56 71 70 00;anne.cellier@scadif.fr;48.764301047450466, 2.4891881556436664;;;;;;;;24;N° 24 Leclerc Bonneuil;15;N° 15 Leclerc Bonneuil;;;;;;1;;1;;;;;;;;;;;13;13;0;0;0;0;0;0;0;1;1;0;0;0;0;0;;
Alimentaire;Distribution;Leclerc Orly;"      ; 2020_QIAB2=1            ";;;;;;;;;;;;;;;;;;;;;;;;;;;;;;;;;;;;;8 place Gaston Viens;Orly;94310;01 48 92 18 18 ;qualite@eacvl.fr;48.74387395188317, 2.407536026807456;;;;;;;;52;N° 52 Leclerc Orly;31;N° 31 Leclerc Orly;;;;;;1;;;;;;;;;;;;;7;7;0;0;0;0;0;0;0;1;0;0;0;0;0;0;;
Alimentaire;Distribution;Leclerc Villeparisis;"          ; 2018_QIAB2=1        ";;;;;;;;;;;;;;;;;;;;;;;;;;;;;;;;;;;;;20 avenue Roger Salengro;Villeparisis;77270;01 64 27 07 64;;48.95317562294878, 2.607725469143218;;;;;;;;95;N° 95 Leclerc Villeparisis;54;N° 54 Leclerc Villeparisis;;;;;;;;;;1;;;;;;;;;5;5;0;0;0;0;0;0;0;0;0;1;0;0;0;0;;
Alimentaire;Abbatoir;Les volailles des Blancafort;"    ; 2021_QIAB2=1              ";;;;;;;;;;;;;;;;;;;;;;;;;;;;;;;;;;;;;Petite route d'argent;Blancafort;18410;02 48 81 51 94;priscilla.toulouse@volailles-blancafort.fr;47.529124953465555, 2.5223705267678715;;;;;;;;42;N° 42 Les volailles des Blancafort;25;N° 25 Les volailles des Blancafort;;;;1;;;;;;;;;;;;;;;8;8;0;0;0;0;0;0;0;0;0;0;0;0;0;0;;
Alimentaire;Distribution;LIDL St Thibault des Vignes;"  ;2021_BioQ1=1               ";;;;;;;;;;;;;;;;;;;;;;;;;;;;;;;;;;;;;6 avenue de la Courtillière;St Thibault des Vignes;77400;06 11 64 59 08;ghemima77270@yahoo.fr;48.86858420968515, 2.676245351949338;;;;;;;;43;N° 43 LIDL St Thibault des Vignes;84;N° 84 LIDL St Thibault des Vignes;;;1;;;;;;;;;;;;;;;;8;0;0;0;0;0;0;0;0;0;0;0;0;0;0;0;;
Alimentaire;Chocolaterie;LINDT;"  ;2021_BioQ1=1               ";;;;;;;;;;;;;;;;;;;;;;;;;;;;;;;;;;;;;2 avenue du Maréchal de Lattre de tassigny;Orlon Ste Marie;64400;05 59 88 87 77;MACourt@lindt.com;43.19107001059162, -0.6175066170025529;;;;;;;;45;N° 45 LINDT;112;N° 112 LINDT;;;1;;;;;;;;;;;;;;;;8;0;0;0;0;0;0;0;0;0;0;0;0;0;0;0;;
Alimentaire;Cuisine Centrale;Mairie d'Argenteuil;"    ;2020_QIAB1=1             ";;;;;;;;;;;;;;;;;;;;;;;;;;;;;;;;;;;;;12-14 boulevard Leon Feix;Argenteuil;95100;01 34 23 46 33;cde.ville-argenteuil.fr;48.94747504146352, 2.2483194421563915;;;;;;;;53;N° 53 Mairie d'Argenteuil;86;N° 86 Mairie d'Argenteuil;;;;;1;;;;;;;;;;;;;;7;0;1;0;0;0;0;0;0;0;0;0;0;0;0;0;;
Alimentaire;Cuisine Centrale;Mairie de Bagnolet;"    ;2020_QIAB1=1 ;2019_QIAB1=2           ";;;;;;;;;;;;;;;;;;;;;;;;;;;;;;;;;;;;;107-109 rue Girardot;Bagnolet;93170;01 41 63 11 30;"nicole.lambourdiere@ville-bagnolet.fr
veronique.kieffer@ville-bagnolet.fr";48.87282652703592, 2.4324840691405756;;;;;;;;13;N° 13 Mairie de Bagnolet;86;N° 86 Mairie de Bagnolet;;;;;1;;2;;;;;;;;;;;;19;0;1;2;0;0;0;0;0;0;0;0;0;0;0;0;;
Alimentaire;Cuisine Centrale;Mairie de Reuil Malmaison;"      ; 2020_QIAB2=1  ; 2019_QIAB2=1          ";;;;;;;;;;;;;;;;;;;;;;;;;;;;;;;;;;;;;25 rue Leon Hourlier;Reuil Malmaison;92500;01 47 32 67 92;anne.barwicki@mairie-reuilmalmaison.fr;48.86365819746392, 2.1746016421536005;;;;;;;;25;N° 25 Mairie de Reuil Malmaison;16;N° 16 Mairie de Reuil Malmaison;;;;;;1;;1;;;;;;;;;;;13;13;0;0;0;0;0;0;0;1;1;0;0;0;0;0;;
Alimentaire;Cuisine Centrale;Mairie de St Denis;"  ;2021_BioQ1=2               ";;;;;;;;;;;;;;;;;;;;;;;;;;;;;;;;;;;;;35 avenue du Colonel Fabien;St Denis;93200;01 83 72 20 26;mickael.dubois@ville-saint-denis.fr;48.94626027724109, 2.3454439268141143;;;;;;;;17;N° 17 Mairie de St Denis;87;N° 87 Mairie de St Denis;;;2;;;;;;;;;;;;;;;;16;0;0;0;0;0;0;0;0;0;0;0;0;0;0;0;;
Alimentaire;Cuisine Centrale;Mairie de Stains;"          ; 2018_QIAB2=1        ";;;;;;;;;;;;;;;;;;;;;;;;;;;;;;;;;;;;;Rue du Moutier;Stains;93240;01 48 22 20 33;;48.95998748967561, 2.390220411472311;;;;;;;;91;N° 91 Mairie de Stains;51;N° 51 Mairie de Stains;;;;;;;;;;1;;;;;;;;;5;5;0;0;0;0;0;0;0;0;0;1;0;0;0;0;;
Alimentaire;Cuisine Centrale;Mairie de Suresnes;"      ;2019_QIAB1=1           ";;;;;;;;;;;;;;;;;;;;;;;;;;;;;;;;;;;;;2 rue Carnot;Suresnes;92150;01 41 18 38 80;dbrun@ville-suresnes.fr;48.871107211349425, 2.22507627017836;;;;;;;;70;N° 70 Mairie de Suresnes;88;N° 88 Mairie de Suresnes;;;;;;;1;;;;;;;;;;;;6;0;0;1;0;0;0;0;0;0;0;0;0;0;0;0;;
Alimentaire;Pâtisserie;Maison Rollet Pradier;"      ;2019_QIAB1=1   ; 2018_QIAB2=1        ";;;;;;;;;;;;;;;;;;;;;;;;;;;;;;;;;;;;;22 rue Wolfenduttel;Sèvres;92310;01 58 04 01 68;qualite.pradierparis.com;48.81359852500059, 2.2133343697226353;;;;;;;;28;N° 28 Maison Rollet Pradier;52;N° 52 Maison Rollet Pradier;;;;;;;1;;;1;;;;;;;;;11;5;0;1;0;0;0;0;0;0;0;1;0;0;0;0;;
Cosmétique;"Parfums
Cosmétiques";Matis;"        ;2018_QIAB1=1         ";;;;;;;;;;;;;;;;;;;;;;;;;;;;;;;;;;;;;26 rue des Beaux Soleils;Osny;95520;01 30 30 39 71;cficheux@matis-paris.com;49.05512360570927, 2.067219480791068;;;;;;;;92;N° 92 Matis;89;N° 89 Matis;;;;;;;;;1;;;;;;;;;;5;0;0;0;1;0;0;0;0;0;0;0;0;0;0;0;;
Alimentaire;Distribution;Métro France Nanterre;"        ; 2019_QIAB2=1          ";;;;;;;;;;;;;;;;;;;;;;;;;;;;;;;;;;;;;5 rue des Grands Prés;Nanterre;92000;01 47 86 67 40;valerie.declerc@metro.fr;48.91072171589697, 2.214769697018816;;;;;;;;72;N° 72 Métro France Nanterre;41;N° 41 Métro France Nanterre;;;;;;;;1;;;;;;;;;;;6;6;0;0;0;0;0;0;0;0;1;0;0;0;0;0;;
Alimentaire;Traiteur;Paris Air Catering Est;"        ; 2019_QIAB2=1          ";;;;;;;;;;;;;;;;;;;;;;;;;;;;;;;;;;;;;4 rue des Iris Le Mesnil Amelot;Roissy;95724;06 81 92 13 14;muriel.sohm@servair.fr;49.01243130832464, 2.5888960844874007;;;;;;;;72;N° 72 Paris Air Catering Est;41;N° 41 Paris Air Catering Est;;;;;;;;1;;;;;;;;;;;6;6;0;0;0;0;0;0;0;0;1;0;0;0;0;0;;
Alimentaire;Cuisine Centrale;Restalliance;"  ;2021_BioQ1=1   ;2019_QIAB1=1           ";;;;;;;;;;;;;;;;;;;;;;;;;;;;;;;;;;;;;62 rue Villebois Mareuil;Gennevilliers;92230;06 01 36 79 34;"aymen.bcuisine@gmail.com
9208@restalliance.fr";48.93466500320092, 2.3013789707333507;;;;;;;;19;N° 19 Restalliance;90;N° 90 Restalliance;;;1;;;;1;;;;;;;;;;;;14;0;0;1;0;0;0;0;0;0;0;0;0;0;0;0;;
Pharmaceutique;Médicaments;Sanofi Winthrop Industries;"          ; 2018_QIAB2=1        ";;;;;;;;;;;;;;;;;;;;;;;;;;;;;;;;;;;;;180 rue Jean Jaurès;Maisons Alfort;94700;;sophie.ronat@sanofi.com;48.795340246860114, 2.4336831741335194;;;;;;;;93;N° 93 Sanofi Winthrop Industries;53;N° 53 Sanofi Winthrop Industries;;;;;;;;;;1;;;;;;;;;5;5;0;0;0;0;0;0;0;0;0;1;0;0;0;0;;
Alimentaire;Jus de Fruits;SAS Fruits Détendus;"      ;2019_QIAB1=1           ";;;;;;;;;;;;;;;;;;;;;;;;;;;;;;;;;;;;;18 rue Jules Saulnier;St Denis;93200;06 43 01 04 27;astrid@lesfruitsdetendus.fr;48.92551280008632, 2.3545746830951835;;;;;;;;73;N° 73 SAS Fruits Détendus;91;N° 91 SAS Fruits Détendus;;;;;;;1;;;;;;;;;;;;6;0;0;1;0;0;0;0;0;0;0;0;0;0;0;0;;
Alimentaire;Cuisine Centrale;Scolarest;"      ; 2020_QIAB2=1  ;2018_QIAB1=1 ; 2018_QIAB2=1        ";;;;;;;;;;;;;;;;;;;;;;;;;;;;;;;;;;;;;8 boulevard Emile Zola;Clichy-sous-bois;93390;01 41 70 15 85;e177901gsa@compass-group.fr;48.905738456484485, 2.552536708026445;;;;;;;;15;N° 15 Scolarest;20;N° 20 Scolarest;;;;;;1;;;1;1;;;;;;;;;17;12;0;0;1;0;0;0;0;1;0;1;0;0;0;0;;
Alimentaire;Cuisine Centrale;Siresco Bobigny;"    ;2020_QIAB1=1             ";;;;;;;;;;;;;;;;;;;;;;;;;;;;;;;;;;;;;68 rue Gallieni;Bobigny;93000;06 89 84 67 61;ysimplet@siresco.fr;48.901786995079384, 2.4370886403059653;;;;;;;;54;N° 54 Siresco Bobigny;92;N° 92 Siresco Bobigny;;;;;1;;;;;;;;;;;;;;7;0;1;0;0;0;0;0;0;0;0;0;0;0;0;0;;
Alimentaire;Cuisine Centrale;"Société Française de Restauration et Services
Les Petits Gastronomes";"    ; 2021_QIAB2=1              ";;;;;;;;;;;;;;;;;;;;;;;;;;;;;;;;;;;;;69-73 rue des Berchères;Pontaul Combault;77340;06 85 56 14 43;elena.madelain@sodexo.com;48.78559416655939, 2.6093793133154977;;;;;;;;44;"N° 44 Société Française de Restauration et Services
Les Petits Gastronomes";26;"N° 26 Société Française de Restauration et Services
Les Petits Gastronomes";;;;1;;;;;;;;;;;;;;;8;8;0;0;0;0;0;0;0;0;0;0;0;0;0;0;;
Alimentaire;Cuisine Centrale;Sodexo RIE La Boissière;"    ;2020_QIAB1=1             ";;;;;;;;;;;;;;;;;;;;;;;;;;;;;;;;;;;;;1 rue Albert Einstein;Trappes;78190;01 30 52 40 56;cyrille.cyanee@sodexo.com;48.768087660987646, 2.0004016048585047;;;;;;;;55;N° 55 Sodexo RIE La Boissière;94;N° 94 Sodexo RIE La Boissière;;;;;1;;;;;;;;;;;;;;7;0;1;0;0;0;0;0;0;0;0;0;0;0;0;0;;
Alimentaire;Cuisine Centrale;SOGERES Asnières;"  ;2021_BioQ1=1               ";;;;;;;;;;;;;;;;;;;;;;;;;;;;;;;;;;;;;5-7 rue Marie Curie;Asnières;92600;06 34 43 63 80;mourushi.haque@sogeres.fr;48.91663428869344, 2.315359633899545;;;;;;;;45;N° 45 SOGERES Asnières;94;N° 94 SOGERES Asnières;;;1;;;;;;;;;;;;;;;;8;0;0;0;0;0;0;0;0;0;0;0;0;0;0;0;;
Médical;Réactifs;STAGO;"        ;2018_QIAB1=1         ";;;;;;;;;;;;;;;;;;;;;;;;;;;;;;;;;;;;;23-29 rue Constant Pecqueur;Taverny;95150;01 34 18 93 28;philippe.nguyen@stago.com;49.02713775571417, 2.190563084487939;;;;;;;;95;N° 95 STAGO;95;N° 95 STAGO;;;;;;;;;1;;;;;;;;;;5;0;0;0;1;0;0;0;0;0;0;0;0;0;0;0;;
Alimentaire;Cuisine Centrale;Trans Gourmet;"          ; 2018_QIAB2=1        ";;;;;;;;;;;;;;;;;;;;;;;;;;;;;;;;;;;;;17 rue de la ferme de la tour;Valenton;94460;01 46 76 62 52;;48.769894159888146, 2.444832869137176;;;;;;;;95;N° 95 Trans Gourmet;54;N° 54 Trans Gourmet;;;;;;;;;;1;;;;;;;;;5;5;0;0;0;0;0;0;0;0;0;1;0;0;0;0;;
Alimentaire;Embouteillage;Usine d'embouteillage européenne Orangina;"        ; 2019_QIAB2=1          ";;;;;;;;;;;;;;;;;;;;;;;;;;;;;;;;;;;;;42 rue Emile Zola;La Courneuve;93120;01 48 39 71 71;claire.gasquet@suntory.com;48.92245477929678, 2.388146340306674;;;;;;;;74;N° 74 Usine d'embouteillage européenne Orangina;42;N° 42 Usine d'embouteillage européenne Orangina;;;;;;;;1;;;;;;;;;;;6;6;0;0;0;0;0;0;0;0;1;0;0;0;0;0;;
Pharmaceutique;Médicaments;Zydus France SAS;"      ; 2020_QIAB2=1            ";;;;;;;;;;;;;;;;;;;;;;;;;;;;;;;;;;;;;25 rue des Peupliers Parc d'activité des Peupliers;Nanterre;92752;01 41 19 18 65;darshil.shah@zydusfrance.com;48.91229698384678, 2.2127147556485522;;;;;;;;56;N° 56 Zydus France SAS;32;N° 32 Zydus France SAS;;;;;;1;;;;;;;;;;;;;7;7;0;0;0;0;0;0;0;1;0;0;0;0;0;0;;
Pharmaceutique;;Diver Chim;                  ;;;;;;;;;;;;;;;;;;;;;;;;;;;;;;;;;;;;;6 rue du Noyer;Roissy en France;95734;01 30 11 95 59;pierre.charrier@diverchim.com;49.001565775972, 2.505889180286757;;;;;;;;97;N° 97 Diver Chim;97;N° 97 Diver Chim;;;;;;;;;;;;;;;;;;;0;0;0;0;0;0;0;0;0;0;0;0;0;0;0;0;;
Cosmétique;Cosmétiques;ACS Phyto cosmétique;                  ;;;;;;;;;;;;;;;;;;;;;;;;;;;;;;;;;;;;;48 avenue Jeanne;Soisy sous Montmorency;95230;06 83 57 42 74;julien.spera@acs-phyto.fr;48.981193388140255, 2.299537346085548;;;;;;;;98;N° 98 ACS Phyto cosmétique;98;N° 98 ACS Phyto cosmétique;;;;;;;;;;;;;;;;;;;0;0;0;0;0;0;0;0;0;0;0;0;0;0;0;0;;
Pharmaceutique;Compléments alimentaires;Vibraforce;                  ;;;;;;;;;;;;;;;;;;;;;;;;;;;;;;;;;;;;;592 rue de la Liberté;Jassans-Riottier;01480;06 61 18 00 16;"zenpatrice@gmail.com
patrice.mairot@gmail.com";45.98079647945552, 4.765322995603809;;;;;;;;99;N° 99 Vibraforce;99;N° 99 Vibraforce;;;;;;;;;;;;;;;;;;;0;0;0;0;0;0;0;0;0;0;0;0;0;0;0;0;;
Alimentaire;;Les 1001 feuilles;                  ;;;;;;;;;;;;;;;;;;;;;;;;;;;;;;;;;;;;;Chemin de Dugny;Gonesse;95500;01 77 37 22 32;qualite@les1001feuilles.com;48.99548950295865, 2.457822036220461;;;;;;;;100;N° 100 Les 1001 feuilles;100;N° 100 Les 1001 feuilles;;;;;;;;;;;;;;;;;;;0;0;0;0;0;0;0;0;0;0;0;0;0;0;0;0;;
Médical;Pharmacie;Hôpital Beaujon;                  ;;;;;;;;;;;;;;;;;;;;;;;;;;;;;;;;;;;;;100 boulevard du Général Leclerc;Clichy;92110;01 40 87 57 93;lilia.thomas@aphp.fr;48.90849636801762, 2.3082854268128727;;;;;;;;101;N° 101 Hôpital Beaujon;101;N° 101 Hôpital Beaujon;;;;;;;;;;;;;;;;;;;0;0;0;0;0;0;0;0;0;0;0;0;0;0;0;0;;
Médical;Gaz à usage médical;SOL France;                  ;;;;;;;;;;;;;;;;;;;;;;;;;;;;;;;;;;;;;8 rue du Copas ZI Bethunes;St Ouen L'aumone;95310;01 34 30 86 60;;49.04022553928663, 2.1378277286661005;;;;;;;;102;N° 102 SOL France;102;N° 102 SOL France;;;;;;;;;;;;;;;;;;;0;0;0;0;0;0;0;0;0;0;0;0;0;0;0;0;;
Alimentaire;Fruits & Légumes;COMEXA Import;                  ;;;;;;;;;;;;;;;;;;;;;;;;;;;;;;;;;;;;;Zone Eurodelta - 5 boulevard du Delta CS 80331;Rungis;94650;"01 49 78 24 31
7 77 14 49 91";sophie.delorme@comexasas.fr;48.75893759201488, 2.3425152128254165;;;;;;;;103;N° 103 COMEXA Import;103;N° 103 COMEXA Import;;;;;;;;;;;;;;;;;;;0;0;0;0;0;0;0;0;0;0;0;0;0;0;0;0;;
;;;                  ;;;;;;;;;;;;;;;;;;;;;;;;;;;;;;;;;;;;;;;;;;;;;;;;;;104;N° 104 ;104;N° 104 ;;;;;;;;;;;;;;;;;;;0;0;0;0;0;0;0;0;0;0;0;0;0;0;0;0;;
;;;                  ;;;;;;;;;;;;;;;;;;;;;;;;;;;;;;;;;;;;;;;;;;;;;;;;;;105;N° 105 ;105;N° 105 ;;;;;;;;;;;;;;;;;;;0;0;0;0;0;0;0;0;0;0;0;0;0;0;0;0;;
;;;                  ;;;;;;;;;;;;;;;;;;;;;;;;;;;;;;;;;;;;;;;;;;;;;;;;;;106;N° 106 ;106;N° 106 ;;;;;;;;;;;;;;;;;;;0;0;0;0;0;0;0;0;0;0;0;0;0;0;0;0;;
;;;                  ;;;;;;;;;;;;;;;;;;;;;;;;;;;;;;;;;;;;;;;;;;;;;;;;;;107;N° 107 ;107;N° 107 ;;;;;;;;;;;;;;;;;;;0;0;0;0;0;0;0;0;0;0;0;0;0;0;0;0;;
;;;                  ;;;;;;;;;;;;;;;;;;;;;;;;;;;;;;;;;;;;;;;;;;;;;;;;;;108;N° 108 ;108;N° 108 ;;;;;;;;;;;;;;;;;;;0;0;0;0;0;0;0;0;0;0;0;0;0;0;0;0;;
;;;                  ;;;;;;;;;;;;;;;;;;;;;;;;;;;;;;;;;;;;;;;;;;;;;;;;;;109;N° 109 ;109;N° 109 ;;;;;;;;;;;;;;;;;;;0;0;0;0;0;0;0;0;0;0;0;0;0;0;0;0;;
;;;                  ;;;;;;;;;;;;;;;;;;;;;;;;;;;;;;;;;;;;;;;;;;;;;;;;;;110;N° 110 ;110;N° 110 ;;;;;;;;;;;;;;;;;;;0;0;0;0;0;0;0;0;0;0;0;0;0;0;0;0;;
;;;                  ;;;;;;;;;;;;;;;;;;;;;;;;;;;;;;;;;;;;;;;;;;;;;;;;;;111;N° 111 ;111;N° 111 ;;;;;;;;;;;;;;;;;;;0;0;0;0;0;0;0;0;0;0;0;0;0;0;0;0;;
;;;                  ;;;;;;;;;;;;;;;;;;;;;;;;;;;;;;;;;;;;;;;;;;;;;;;;;;112;N° 112 ;112;N° 112 ;;;;;;;;;;;;;;;;;;;0;0;0;0;0;0;0;0;0;0;0;0;0;0;0;0;;
Lycée;BTS Bioqualité;Lycée Paul Eluard;                  ;;;;;;;;;;;;;;;;;;;;;;;;;;;;;;;;;;;;;15-17 avenue Jean Moulin;St Denis;93200;;;;;;;;;;;95;N° 95 Lycée Paul Eluard;72;N° 72 Lycée Paul Eluard;;;;;;;;;;;;;;;;;;;0;0;0;0;0;0;0;0;0;0;0;0;0;0;0;0;;
;;;;;;;;;;;;;;;;;;;;;;;;;;;;;;;;;;;;;;;;;;;;;;;;;;;;;;;;;;;;;;;;;;;;;;;;;;;;;;;;;;;;;;;;;;;;
;;;;;;;;;;;;;;;;;;;;;;;;;;;;;;;;;;;;;;;;;;;;;;;;;;;;;;;;;;;;;;;;;;;;;;;;;;;;;;;;;;;;;;;;;;;;
;;;;;;;;;;;;;;;;;;;;;;;;;;;;;;;;;;;;;;;;;;;;;;;;;;;;;;;;;;;;;;;;;;;;;;;;;;;;;;;;;;;;;;;;;;;;
;;;;;;;;;;;;;;;;;;;;;;;;;;;;;;;;;;;;;;;;;;;;;;;;;;;;;;;;;;;;;;;;;;;;;;;;;;;;;;;;;;;;;;;;;;;;
;;;;;;;;;;;;;;;;;;;;;;;;;;;;;;;;;;;;;;;;;;;;;;;;;;;;;;;;;;;;;;;;;;;;;;;;;;;;;;;;;;;;;;;;;;;;
;;;;;;;;;;;;;;;;;;;;;;;;;;;;;;;;;;;;;;;;;;;;;;;;;;;;;;;;;;;;;;;;;;;;;;;;;;;;;;;;;;;;;;;;;;;;
;;;;;;;;;;;;;;;;;;;;;;;;;;;;;;;;;;;;;;;;;;;;;;;;;;;;;;;;;;;;;;;;;;;;;;;;;;;;;;;;;;;;;;;;;;;;
;;;;;;;;;;;;;;;;;;;;;;;;;;;;;;;;;;;;;;;;;;;;;;;;;;;;;;;;;;;;;;;;;;;;;;;;;;;;;;;;;;;;;;;;;;;;
;;;;;;;;;;;;;;;;;;;;;;;;;;;;;;;;;;;;;;;;;;;;;;;;;;;;;;;;;;;;;;;;;;;;;;;;;;;;;;;;;;;;;;;;;;;;
;;;;;;;;;;;;;;;;;;;;;;;;;;;;;;;;;;;;;;;;;;;;;;;;;;;;;;;;;;;;;;;;;;;;;;;;;;;;;;;;;;;;;;;;;;;;
;;;;;;;;;;;;;;;;;;;;;;;;;;;;;;;;;;;;;;;;;;;;;;;;;;;;;;;;;;;;;;;;;;;;;;;;;;;;;;;;;;;;;;;;;;;;
;;;;;;;;;;;;;;;;;;;;;;;;;;;;;;;;;;;;;;;;;;;;;;;;;;;;;;;;;;;;;;;;;;;;;;;;;;;;;;;;;;;;;;;;;;;;
;;;;;;;;;;;;;;;;;;;;;;;;;;;;;;;;;;;;;;;;;;;;;;;;;;;;;;;;;;;;;;;;;;;;;;;;;;;;;;;;;;;;;;;;;;;;
;;;;;;;;;;;;;;;;;;;;;;;;;;;;;;;;;;;;;;;;;;;;;;;;;;;;;;;;;;;;;;;;;;;;;;;;;;;;;;;;;;;;;;;;;;;;
;;;;;;;;;;;;;;;;;;;;;;;;;;;;;;;;;;;;;;;;;;;;;;;;;;;;;;;;;;;;;;;;;;;;;;;;;;;;;;;;;;;;;;;;;;;;
;;;;;;;;;;;;;;;;;;;;;;;;;;;;;;;;;;;;;;;;;;;;;;;;;;;;;;;;;;;;;;;;;;;;;;;;;;;;;;;;;;;;;;;;;;;;
;;;;;;;;;;;;;;;;;;;;;;;;;;;;;;;;;;;;;;;;;;;;;;;;;;;;;;;;;;;;;;;;;;;;;;;;;;;;;;;;;;;;;;;;;;;;
;;;;;;;;;;;;;;;;;;;;;;;;;;;;;;;;;;;;;;;;;;;;;;;;;;;;;;;;;;;;;;;;;;;;;;;;;;;;;;;;;;;;;;;;;;;;
;;;;;;;;;;;;;;;;;;;;;;;;;;;;;;;;;;;;;;;;;;;;;;;;;;;;;;;;;;;;;;;;;;;;;;;;;;;;;;;;;;;;;;;;;;;;
;;;;;;;;;;;;;;;;;;;;;;;;;;;;;;;;;;;;;;;;;;;;;;;;;;;;;;;;;;;;;;;;;;;;;;;;;;;;;;;;;;;;;;;;;;;;
;;;;;;;;;;;;;;;;;;;;;;;;;;;;;;;;;;;;;;;;;;;;;;;;;;;;;;;;;;;;;;;;;;;;;;;;;;;;;;;;;;;;;;;;;;;;
;;;;;;;;;;;;;;;;;;;;;;;;;;;;;;;;;;;;;;;;;;;;;;;;;;;;;;;;;;;;;;;;;;;;;;;;;;;;;;;;;;;;;;;;;;;;
;;;;;;;;;;;;;;;;;;;;;;;;;;;;;;;;;;;;;;;;;;;;;;;;;;;;;;;;;;;;;;;;;;;;;;;;;;;;;;;;;;;;;;;;;;;;
;;;;;;;;;;;;;;;;;;;;;;;;;;;;;;;;;;;;;;;;;;;;;;;;;;;;;;;;;;;;;;;;;;;;;;;;;;;;;;;;;;;;;;;;;;;;
;;;;;;;;;;;;;;;;;;;;;;;;;;;;;;;;;;;;;;;;;;;;;;;;;;;;;;;;;;;;;;;;;;;;;;;;;;;;;;;;;;;;;;;;;;;;
;;;;;;;;;;;;;;;;;;;;;;;;;;;;;;;;;;;;;;;;;;;;;;;;;;;;;;;;;;;;;;;;;;;;;;;;;;;;;;;;;;;;;;;;;;;;
;;;;;;;;;;;;;;;;;;;;;;;;;;;;;;;;;;;;;;;;;;;;;;;;;;;;;;;;;;;;;;;;;;;;;;;;;;;;;;;;;;;;;;;;;;;;
;;;;;;;;;;;;;;;;;;;;;;;;;;;;;;;;;;;;;;;;;;;;;;;;;;;;;;;;;;;;;;;;;;;;;;;;;;;;;;;;;;;;;;;;;;;;
;;;;;;;;;;;;;;;;;;;;;;;;;;;;;;;;;;;;;;;;;;;;;;;;;;;;;;;;;;;;;;;;;;;;;;;;;;;;;;;;;;;;;;;;;;;;
;;;;;;;;;;;;;;;;;;;;;;;;;;;;;;;;;;;;;;;;;;;;;;;;;;;;;;;;;;;;;;;;;;;;;;;;;;;;;;;;;;;;;;;;;;;;
;;;;;;;;;;;;;;;;;;;;;;;;;;;;;;;;;;;;;;;;;;;;;;;;;;;;;;;;;;;;;;;;;;;;;;;;;;;;;;;;;;;;;;;;;;;;
;;;;;;;;;;;;;;;;;;;;;;;;;;;;;;;;;;;;;;;;;;;;;;;;;;;;;;;;;;;;;;;;;;;;;;;;;;;;;;;;;;;;;;;;;;;;
;;;;;;;;;;;;;;;;;;;;;;;;;;;;;;;;;;;;;;;;;;;;;;;;;;;;;;;;;;;;;;;;;;;;;;;;;;;;;;;;;;;;;;;;;;;;
;;;;;;;;;;;;;;;;;;;;;;;;;;;;;;;;;;;;;;;;;;;;;;;;;;;;;;;;;;;;;;;;;;;;;;;;;;;;;;;;;;;;;;;;;;;;
;;;;;;;;;;;;;;;;;;;;;;;;;;;;;;;;;;;;;;;;;;;;;;;;;;;;;;;;;;;;;;;;;;;;;;;;;;;;;;;;;;;;;;;;;;;;
;;;;;;;;;;;;;;;;;;;;;;;;;;;;;;;;;;;;;;;;;;;;;;;;;;;;;;;;;;;;;;;;;;;;;;;;;;;;;;;;;;;;;;;;;;;;
;;;;;;;;;;;;;;;;;;;;;;;;;;;;;;;;;;;;;;;;;;;;;;;;;;;;;;;;;;;;;;;;;;;;;;;;;;;;;;;;;;;;;;;;;;;;
;;;;;;;;;;;;;;;;;;;;;;;;;;;;;;;;;;;;;;;;;;;;;;;;;;;;;;;;;;;;;;;;;;;;;;;;;;;;;;;;;;;;;;;;;;;;
;;;;;;;;;;;;;;;;;;;;;;;;;;;;;;;;;;;;;;;;;;;;;;;;;;;;;;;;;;;;;;;;;;;;;;;;;;;;;;;;;;;;;;;;;;;;
;;;;;;;;;;;;;;;;;;;;;;;;;;;;;;;;;;;;;;;;;;;;;;;;;;;;;;;;;;;;;;;;;;;;;;;;;;;;;;;;;;;;;;;;;;;;
;;;;;;;;;;;;;;;;;;;;;;;;;;;;;;;;;;;;;;;;;;;;;;;;;;;;;;;;;;;;;;;;;;;;;;;;;;;;;;;;;;;;;;;;;;;;
;;;;;;;;;;;;;;;;;;;;;;;;;;;;;;;;;;;;;;;;;;;;;;;;;;;;;;;;;;;;;;;;;;;;;;;;;;;;;;;;;;;;;;;;;;;;
;;;;;;;;;;;;;;;;;;;;;;;;;;;;;;;;;;;;;;;;;;;;;;;;;;;;;;;;;;;;;;;;;;;;;;;;;;;;;;;;;;;;;;;;;;;;
;;;;;;;;;;;;;;;;;;;;;;;;;;;;;;;;;;;;;;;;;;;;;;;;;;;;;;;;;;;;;;;;;;;;;;;;;;;;;;;;;;;;;;;;;;;;
;;;;;;;;;;;;;;;;;;;;;;;;;;;;;;;;;;;;;;;;;;;;;;;;;;;;;;;;;;;;;;;;;;;;;;;;;;;;;;;;;;;;;;;;;;;;
;;;;;;;;;;;;;;;;;;;;;;;;;;;;;;;;;;;;;;;;;;;;;;;;;;;;;;;;;;;;;;;;;;;;;;;;;;;;;;;;;;;;;;;;;;;;
;;;;;;;;;;;;;;;;;;;;;;;;;;;;;;;;;;;;;;;;;;;;;;;;;;;;;;;;;;;;;;;;;;;;;;;;;;;;;;;;;;;;;;;;;;;;
;;;;;;;;;;;;;;;;;;;;;;;;;;;;;;;;;;;;;;;;;;;;;;;;;;;;;;;;;;;;;;;;;;;;;;;;;;;;;;;;;;;;;;;;;;;;
;;;;;;;;;;;;;;;;;;;;;;;;;;;;;;;;;;;;;;;;;;;;;;;;;;;;;;;;;;;;;;;;;;;;;;;;;;;;;;;;;;;;;;;;;;;;
;;;;;;;;;;;;;;;;;;;;;;;;;;;;;;;;;;;;;;;;;;;;;;;;;;;;;;;;;;;;;;;;;;;;;;;;;;;;;;;;;;;;;;;;;;;;
;;;;;;;;;;;;;;;;;;;;;;;;;;;;;;;;;;;;;;;;;;;;;;;;;;;;;;;;;;;;;;;;;;;;;;;;;;;;;;;;;;;;;;;;;;;;
;;;;;;;;;;;;;;;;;;;;;;;;;;;;;;;;;;;;;;;;;;;;;;;;;;;;;;;;;;;;;;;;;;;;;;;;;;;;;;;;;;;;;;;;;;;;
;;;;;;;;;;;;;;;;;;;;;;;;;;;;;;;;;;;;;;;;;;;;;;;;;;;;;;;;;;;;;;;;;;;;;;;;;;;;;;;;;;;;;;;;;;;;
;;;;;;;;;;;;;;;;;;;;;;;;;;;;;;;;;;;;;;;;;;;;;;;;;;;;;;;;;;;;;;;;;;;;;;;;;;;;;;;;;;;;;;;;;;;;
;;;;;;;;;;;;;;;;;;;;;;;;;;;;;;;;;;;;;;;;;;;;;;;;;;;;;;;;;;;;;;;;;;;;;;;;;;;;;;;;;;;;;;;;;;;;
;;;;;;;;;;;;;;;;;;;;;;;;;;;;;;;;;;;;;;;;;;;;;;;;;;;;;;;;;;;;;;;;;;;;;;;;;;;;;;;;;;;;;;;;;;;;
;;;;;;;;;;;;;;;;;;;;;;;;;;;;;;;;;;;;;;;;;;;;;;;;;;;;;;;;;;;;;;;;;;;;;;;;;;;;;;;;;;;;;;;;;;;;
;;;;;;;;;;;;;;;;;;;;;;;;;;;;;;;;;;;;;;;;;;;;;;;;;;;;;;;;;;;;;;;;;;;;;;;;;;;;;;;;;;;;;;;;;;;;
;;;;;;;;;;;;;;;;;;;;;;;;;;;;;;;;;;;;;;;;;;;;;;;;;;;;;;;;;;;;;;;;;;;;;;;;;;;;;;;;;;;;;;;;;;;;
;;;;;;;;;;;;;;;;;;;;;;;;;;;;;;;;;;;;;;;;;;;;;;;;;;;;;;;;;;;;;;;;;;;;;;;;;;;;;;;;;;;;;;;;;;;;
;;;;;;;;;;;;;;;;;;;;;;;;;;;;;;;;;;;;;;;;;;;;;;;;;;;;;;;;;;;;;;;;;;;;;;;;;;;;;;;;;;;;;;;;;;;;
;;;;;;;;;;;;;;;;;;;;;;;;;;;;;;;;;;;;;;;;;;;;;;;;;;;;;;;;;;;;;;;;;;;;;;;;;;;;;;;;;;;;;;;;;;;;
;;;;;;;;;;;;;;;;;;;;;;;;;;;;;;;;;;;;;;;;;;;;;;;;;;;;;;;;;;;;;;;;;;;;;;;;;;;;;;;;;;;;;;;;;;;;
;;;;;;;;;;;;;;;;;;;;;;;;;;;;;;;;;;;;;;;;;;;;;;;;;;;;;;;;;;;;;;;;;;;;;;;;;;;;;;;;;;;;;;;;;;;;
;;;;;;;;;;;;;;;;;;;;;;;;;;;;;;;;;;;;;;;;;;;;;;;;;;;;;;;;;;;;;;;;;;;;;;;;;;;;;;;;;;;;;;;;;;;;
;;;;;;;;;;;;;;;;;;;;;;;;;;;;;;;;;;;;;;;;;;;;;;;;;;;;;;;;;;;;;;;;;;;;;;;;;;;;;;;;;;;;;;;;;;;;
;;;;;;;;;;;;;;;;;;;;;;;;;;;;;;;;;;;;;;;;;;;;;;;;;;;;;;;;;;;;;;;;;;;;;;;;;;;;;;;;;;;;;;;;;;;;
;;;;;;;;;;;;;;;;;;;;;;;;;;;;;;;;;;;;;;;;;;;;;;;;;;;;;;;;;;;;;;;;;;;;;;;;;;;;;;;;;;;;;;;;;;;;
;;;;;;;;;;;;;;;;;;;;;;;;;;;;;;;;;;;;;;;;;;;;;;;;;;;;;;;;;;;;;;;;;;;;;;;;;;;;;;;;;;;;;;;;;;;;
;;;;;;;;;;;;;;;;;;;;;;;;;;;;;;;;;;;;;;;;;;;;;;;;;;;;;;;;;;;;;;;;;;;;;;;;;;;;;;;;;;;;;;;;;;;;
;;;;;;;;;;;;;;;;;;;;;;;;;;;;;;;;;;;;;;;;;;;;;;;;;;;;;;;;;;;;;;;;;;;;;;;;;;;;;;;;;;;;;;;;;;;;
;;;;;;;;;;;;;;;;;;;;;;;;;;;;;;;;;;;;;;;;;;;;;;;;;;;;;;;;;;;;;;;;;;;;;;;;;;;;;;;;;;;;;;;;;;;;
;;;;;;;;;;;;;;;;;;;;;;;;;;;;;;;;;;;;;;;;;;;;;;;;;;;;;;;;;;;;;;;;;;;;;;;;;;;;;;;;;;;;;;;;;;;;
;;;;;;;;;;;;;;;;;;;;;;;;;;;;;;;;;;;;;;;;;;;;;;;;;;;;;;;;;;;;;;;;;;;;;;;;;;;;;;;;;;;;;;;;;;;;
;;;;;;;;;;;;;;;;;;;;;;;;;;;;;;;;;;;;;;;;;;;;;;;;;;;;;;;;;;;;;;;;;;;;;;;;;;;;;;;;;;;;;;;;;;;;
;;;;;;;;;;;;;;;;;;;;;;;;;;;;;;;;;;;;;;;;;;;;;;;;;;;;;;;;;;;;;;;;;;;;;;;;;;;;;;;;;;;;;;;;;;;;
;;;;;;;;;;;;;;;;;;;;;;;;;;;;;;;;;;;;;;;;;;;;;;;;;;;;;;;;;;;;;;;;;;;;;;;;;;;;;;;;;;;;;;;;;;;;
;;;;;;;;;;;;;;;;;;;;;;;;;;;;;;;;;;;;;;;;;;;;;;;;;;;;;;;;;;;;;;;;;;;;;;;;;;;;;;;;;;;;;;;;;;;;
;;;;;;;;;;;;;;;;;;;;;;;;;;;;;;;;;;;;;;;;;;;;;;;;;;;;;;;;;;;;;;;;;;;;;;;;;;;;;;;;;;;;;;;;;;;;
;;;;;;;;;;;;;;;;;;;;;;;;;;;;;;;;;;;;;;;;;;;;;;;;;;;;;;;;;;;;;;;;;;;;;;;;;;;;;;;;;;;;;;;;;;;;
;;;;;;;;;;;;;;;;;;;;;;;;;;;;;;;;;;;;;;;;;;;;;;;;;;;;;;;;;;;;;;;;;;;;;;;;;;;;;;;;;;;;;;;;;;;;
;;;;;;;;;;;;;;;;;;;;;;;;;;;;;;;;;;;;;;;;;;;;;;;;;;;;;;;;;;;;;;;;;;;;;;;;;;;;;;;;;;;;;;;;;;;;
;;;;;;;;;;;;;;;;;;;;;;;;;;;;;;;;;;;;;;;;;;;;;;;;;;;;;;;;;;;;;;;;;;;;;;;;;;;;;;;;;;;;;;;;;;;;
;;;;;;;;;;;;;;;;;;;;;;;;;;;;;;;;;;;;;;;;;;;;;;;;;;;;;;;;;;;;;;;;;;;;;;;;;;;;;;;;;;;;;;;;;;;;
;;;;;;;;;;;;;;;;;;;;;;;;;;;;;;;;;;;;;;;;;;;;;;;;;;;;;;;;;;;;;;;;;;;;;;;;;;;;;;;;;;;;;;;;;;;;
;;;;;;;;;;;;;;;;;;;;;;;;;;;;;;;;;;;;;;;;;;;;;;;;;;;;;;;;;;;;;;;;;;;;;;;;;;;;;;;;;;;;;;;;;;;;
;;;;;;;;;;;;;;;;;;;;;;;;;;;;;;;;;;;;;;;;;;;;;;;;;;;;;;;;;;;;;;;;;;;;;;;;;;;;;;;;;;;;;;;;;;;;
;;;;;;;;;;;;;;;;;;;;;;;;;;;;;;;;;;;;;;;;;;;;;;;;;;;;;;;;;;;;;;;;;;;;;;;;;;;;;;;;;;;;;;;;;;;;
;;;;;;;;;;;;;;;;;;;;;;;;;;;;;;;;;;;;;;;;;;;;;;;;;;;;;;;;;;;;;;;;;;;;;;;;;;;;;;;;;;;;;;;;;;;;
;;;;;;;;;;;;;;;;;;;;;;;;;;;;;;;;;;;;;;;;;;;;;;;;;;;;;;;;;;;;;;;;;;;;;;;;;;;;;;;;;;;;;;;;;;;;
;;;;;;;;;;;;;;;;;;;;;;;;;;;;;;;;;;;;;;;;;;;;;;;;;;;;;;;;;;;;;;;;;;;;;;;;;;;;;;;;;;;;;;;;;;;;
;;;;;;;;;;;;;;;;;;;;;;;;;;;;;;;;;;;;;;;;;;;;;;;;;;;;;;;;;;;;;;;;;;;;;;;;;;;;;;;;;;;;;;;;;;;;
;;;;;;;;;;;;;;;;;;;;;;;;;;;;;;;;;;;;;;;;;;;;;;;;;;;;;;;;;;;;;;;;;;;;;;;;;;;;;;;;;;;;;;;;;;;;
;;;;;;;;;;;;;;;;;;;;;;;;;;;;;;;;;;;;;;;;;;;;;;;;;;;;;;;;;;;;;;;;;;;;;;;;;;;;;;;;;;;;;;;;;;;;
;;;;;;;;;;;;;;;;;;;;;;;;;;;;;;;;;;;;;;;;;;;;;;;;;;;;;;;;;;;;;;;;;;;;;;;;;;;;;;;;;;;;;;;;;;;;
;;;;;;;;;;;;;;;;;;;;;;;;;;;;;;;;;;;;;;;;;;;;;;;;;;;;;;;;;;;;;;;;;;;;;;;;;;;;;;;;;;;;;;;;;;;;
;;;;;;;;;;;;;;;;;;;;;;;;;;;;;;;;;;;;;;;;;;;;;;;;;;;;;;;;;;;;;;;;;;;;;;;;;;;;;;;;;;;;;;;;;;;;
;;;;;;;;;;;;;;;;;;;;;;;;;;;;;;;;;;;;;;;;;;;;;;;;;;;;;;;;;;;;;;;;;;;;;;;;;;;;;;;;;;;;;;;;;;;;
;;;;;;;;;;;;;;;;;;;;;;;;;;;;;;;;;;;;;;;;;;;;;;;;;;;;;;;;;;;;;;;;;;;;;;;;;;;;;;;;;;;;;;;;;;;;
;;;;;;;;;;;;;;;;;;;;;;;;;;;;;;;;;;;;;;;;;;;;;;;;;;;;;;;;;;;;;;;;;;;;;;;;;;;;;;;;;;;;;;;;;;;;
;;;;;;;;;;;;;;;;;;;;;;;;;;;;;;;;;;;;;;;;;;;;;;;;;;;;;;;;;;;;;;;;;;;;;;;;;;;;;;;;;;;;;;;;;;;;
;;;;;;;;;;;;;;;;;;;;;;;;;;;;;;;;;;;;;;;;;;;;;;;;;;;;;;;;;;;;;;;;;;;;;;;;;;;;;;;;;;;;;;;;;;;;
;;;;;;;;;;;;;;;;;;;;;;;;;;;;;;;;;;;;;;;;;;;;;;;;;;;;;;;;;;;;;;;;;;;;;;;;;;;;;;;;;;;;;;;;;;;;
;;;;;;;;;;;;;;;;;;;;;;;;;;;;;;;;;;;;;;;;;;;;;;;;;;;;;;;;;;;;;;;;;;;;;;;;;;;;;;;;;;;;;;;;;;;;
;;;;;;;;;;;;;;;;;;;;;;;;;;;;;;;;;;;;;;;;;;;;;;;;;;;;;;;;;;;;;;;;;;;;;;;;;;;;;;;;;;;;;;;;;;;;
;;;;;;;;;;;;;;;;;;;;;;;;;;;;;;;;;;;;;;;;;;;;;;;;;;;;;;;;;;;;;;;;;;;;;;;;;;;;;;;;;;;;;;;;;;;;
;;;;;;;;;;;;;;;;;;;;;;;;;;;;;;;;;;;;;;;;;;;;;;;;;;;;;;;;;;;;;;;;;;;;;;;;;;;;;;;;;;;;;;;;;;;;
;;;;;;;;;;;;;;;;;;;;;;;;;;;;;;;;;;;;;;;;;;;;;;;;;;;;;;;;;;;;;;;;;;;;;;;;;;;;;;;;;;;;;;;;;;;;
;;;;;;;;;;;;;;;;;;;;;;;;;;;;;;;;;;;;;;;;;;;;;;;;;;;;;;;;;;;;;;;;;;;;;;;;;;;;;;;;;;;;;;;;;;;;
;;;;;;;;;;;;;;;;;;;;;;;;;;;;;;;;;;;;;;;;;;;;;;;;;;;;;;;;;;;;;;;;;;;;;;;;;;;;;;;;;;;;;;;;;;;;
;;;;;;;;;;;;;;;;;;;;;;;;;;;;;;;;;;;;;;;;;;;;;;;;;;;;;;;;;;;;;;;;;;;;;;;;;;;;;;;;;;;;;;;;;;;;
;;;;;;;;;;;;;;;;;;;;;;;;;;;;;;;;;;;;;;;;;;;;;;;;;;;;;;;;;;;;;;;;;;;;;;;;;;;;;;;;;;;;;;;;;;;;
;;;;;;;;;;;;;;;;;;;;;;;;;;;;;;;;;;;;;;;;;;;;;;;;;;;;;;;;;;;;;;;;;;;;;;;;;;;;;;;;;;;;;;;;;;;;
;;;;;;;;;;;;;;;;;;;;;;;;;;;;;;;;;;;;;;;;;;;;;;;;;;;;;;;;;;;;;;;;;;;;;;;;;;;;;;;;;;;;;;;;;;;;
;;;;;;;;;;;;;;;;;;;;;;;;;;;;;;;;;;;;;;;;;;;;;;;;;;;;;;;;;;;;;;;;;;;;;;;;;;;;;;;;;;;;;;;;;;;;
;;;;;;;;;;;;;;;;;;;;;;;;;;;;;;;;;;;;;;;;;;;;;;;;;;;;;;;;;;;;;;;;;;;;;;;;;;;;;;;;;;;;;;;;;;;;
;;;;;;;;;;;;;;;;;;;;;;;;;;;;;;;;;;;;;;;;;;;;;;;;;;;;;;;;;;;;;;;;;;;;;;;;;;;;;;;;;;;;;;;;;;;;
;;;;;;;;;;;;;;;;;;;;;;;;;;;;;;;;;;;;;;;;;;;;;;;;;;;;;;;;;;;;;;;;;;;;;;;;;;;;;;;;;;;;;;;;;;;;
;;;;;;;;;;;;;;;;;;;;;;;;;;;;;;;;;;;;;;;;;;;;;;;;;;;;;;;;;;;;;;;;;;;;;;;;;;;;;;;;;;;;;;;;;;;;
;;;;;;;;;;;;;;;;;;;;;;;;;;;;;;;;;;;;;;;;;;;;;;;;;;;;;;;;;;;;;;;;;;;;;;;;;;;;;;;;;;;;;;;;;;;;
;;;;;;;;;;;;;;;;;;;;;;;;;;;;;;;;;;;;;;;;;;;;;;;;;;;;;;;;;;;;;;;;;;;;;;;;;;;;;;;;;;;;;;;;;;;;
;;;;;;;;;;;;;;;;;;;;;;;;;;;;;;;;;;;;;;;;;;;;;;;;;;;;;;;;;;;;;;;;;;;;;;;;;;;;;;;;;;;;;;;;;;;;
;;;;;;;;;;;;;;;;;;;;;;;;;;;;;;;;;;;;;;;;;;;;;;;;;;;;;;;;;;;;;;;;;;;;;;;;;;;;;;;;;;;;;;;;;;;;
;;;;;;;;;;;;;;;;;;;;;;;;;;;;;;;;;;;;;;;;;;;;;;;;;;;;;;;;;;;;;;;;;;;;;;;;;;;;;;;;;;;;;;;;;;;;
;;;;;;;;;;;;;;;;;;;;;;;;;;;;;;;;;;;;;;;;;;;;;;;;;;;;;;;;;;;;;;;;;;;;;;;;;;;;;;;;;;;;;;;;;;;;
;;;;;;;;;;;;;;;;;;;;;;;;;;;;;;;;;;;;;;;;;;;;;;;;;;;;;;;;;;;;;;;;;;;;;;;;;;;;;;;;;;;;;;;;;;;;
;;;;;;;;;;;;;;;;;;;;;;;;;;;;;;;;;;;;;;;;;;;;;;;;;;;;;;;;;;;;;;;;;;;;;;;;;;;;;;;;;;;;;;;;;;;;
;;;;;;;;;;;;;;;;;;;;;;;;;;;;;;;;;;;;;;;;;;;;;;;;;;;;;;;;;;;;;;;;;;;;;;;;;;;;;;;;;;;;;;;;;;;;
;;;;;;;;;;;;;;;;;;;;;;;;;;;;;;;;;;;;;;;;;;;;;;;;;;;;;;;;;;;;;;;;;;;;;;;;;;;;;;;;;;;;;;;;;;;;
;;;;;;;;;;;;;;;;;;;;;;;;;;;;;;;;;;;;;;;;;;;;;;;;;;;;;;;;;;;;;;;;;;;;;;;;;;;;;;;;;;;;;;;;;;;;
;;;;;;;;;;;;;;;;;;;;;;;;;;;;;;;;;;;;;;;;;;;;;;;;;;;;;;;;;;;;;;;;;;;;;;;;;;;;;;;;;;;;;;;;;;;;
;;;;;;;;;;;;;;;;;;;;;;;;;;;;;;;;;;;;;;;;;;;;;;;;;;;;;;;;;;;;;;;;;;;;;;;;;;;;;;;;;;;;;;;;;;;;
;;;;;;;;;;;;;;;;;;;;;;;;;;;;;;;;;;;;;;;;;;;;;;;;;;;;;;;;;;;;;;;;;;;;;;;;;;;;;;;;;;;;;;;;;;;;
;;;;;;;;;;;;;;;;;;;;;;;;;;;;;;;;;;;;;;;;;;;;;;;;;;;;;;;;;;;;;;;;;;;;;;;;;;;;;;;;;;;;;;;;;;;;
;;;;;;;;;;;;;;;;;;;;;;;;;;;;;;;;;;;;;;;;;;;;;;;;;;;;;;;;;;;;;;;;;;;;;;;;;;;;;;;;;;;;;;;;;;;;
;;;;;;;;;;;;;;;;;;;;;;;;;;;;;;;;;;;;;;;;;;;;;;;;;;;;;;;;;;;;;;;;;;;;;;;;;;;;;;;;;;;;;;;;;;;;
;;;;;;;;;;;;;;;;;;;;;;;;;;;;;;;;;;;;;;;;;;;;;;;;;;;;;;;;;;;;;;;;;;;;;;;;;;;;;;;;;;;;;;;;;;;;
;;;;;;;;;;;;;;;;;;;;;;;;;;;;;;;;;;;;;;;;;;;;;;;;;;;;;;;;;;;;;;;;;;;;;;;;;;;;;;;;;;;;;;;;;;;;
;;;;;;;;;;;;;;;;;;;;;;;;;;;;;;;;;;;;;;;;;;;;;;;;;;;;;;;;;;;;;;;;;;;;;;;;;;;;;;;;;;;;;;;;;;;;
;;;;;;;;;;;;;;;;;;;;;;;;;;;;;;;;;;;;;;;;;;;;;;;;;;;;;;;;;;;;;;;;;;;;;;;;;;;;;;;;;;;;;;;;;;;;
;;;;;;;;;;;;;;;;;;;;;;;;;;;;;;;;;;;;;;;;;;;;;;;;;;;;;;;;;;;;;;;;;;;;;;;;;;;;;;;;;;;;;;;;;;;;
;;;;;;;;;;;;;;;;;;;;;;;;;;;;;;;;;;;;;;;;;;;;;;;;;;;;;;;;;;;;;;;;;;;;;;;;;;;;;;;;;;;;;;;;;;;;
;;;;;;;;;;;;;;;;;;;;;;;;;;;;;;;;;;;;;;;;;;;;;;;;;;;;;;;;;;;;;;;;;;;;;;;;;;;;;;;;;;;;;;;;;;;;
